INSERT INTO inventory (name, quantity, unit, price) VALUES
('Coffee Beans', 50, 'kg', 100),
('Milk', 200, 'liters', 120),
('Sugar', 100, 'kg', 130),
('Chocolate Syrup', 20, 'liters', 1000),
('Vanilla Syrup', 15, 'liters', 1200),
('Caramel Syrup', 10, 'liters', 1000),
('Whipped Cream', 30, 'kg',2000),
('Tea Leaves', 40, 'kg', 800),
('Paper Cups', 1000, 'pieces', 500),
('Lids', 1000, 'pieces', 300),
('Straws', 1000, 'pieces', 50),
('Espresso Machine Filters', 25, 'pieces', 500),
('Cocoa Powder', 10, 'kg', 300),
('Green Tea Powder', 8, 'kg', 350),
('Oat Milk', 50, 'liters', 400),
('Almond Milk', 40, 'liters', 600),
('Honey', 20, 'kg', 800),
('Cinnamon Powder', 5, 'kg', 700),
('Ice Cubes', 500, 'kg', 5000),
('Napkins', 2000, 'pieces', 10);

INSERT INTO menu_items (name, description, price, category, allergens) VALUES
('Espresso', 'Strong black coffee', 2.50, 'Coffee', ARRAY['None']),
('Cappuccino', 'Coffee with steamed milk foam', 3.50, 'Coffee', ARRAY['Milk']),
('Latte', 'Espresso with steamed milk', 3.80, 'Coffee', ARRAY['Milk']),
('Mocha', 'Coffee with chocolate and milk', 4.00, 'Coffee', ARRAY['Milk', 'Chocolate']),
('Americano', 'Diluted espresso', 2.70, 'Coffee', ARRAY['None']),
('Caramel Macchiato', 'Espresso with caramel and milk', 4.50, 'Coffee', ARRAY['Milk']),
('Green Tea Latte', 'Steamed milk with matcha', 4.00, 'Tea', ARRAY['Milk']),
('Hot Chocolate', 'Rich chocolate drink', 3.50, 'Beverage', ARRAY['Milk', 'Chocolate']),
('Iced Coffee', 'Cold brewed coffee', 3.00, 'Cold Beverage', ARRAY['None']),
('Honey Lemon Tea', 'Herbal tea with honey and lemon', 2.80, 'Tea', ARRAY['Honey']);

INSERT INTO orders (customer_name, status) VALUES
('John Doe', 'open'),
('Jane Smith', 'close'),
('Alice Johnson', 'open'),
('Bob Brown', 'close'),
('Charlie Wilson', 'open'),
('Diana Adams', 'close'),
('Evan Davis', 'open'),
('Fiona Clark', 'close'),
('George Miller', 'open'),
('Hannah White', 'close'),
('Ian Martinez', 'open'),
('Judy Robinson', 'close'),
('Kevin Hall', 'open'),
('Laura Allen', 'close'),
('Mike Young', 'open'),
('Nancy King', 'close'),
('Oscar Scott', 'open'),
('Paula Green', 'close'),
('Quinn Baker', 'open'),
('Rachel Lopez', 'close'),
('Steve Hernandez', 'open'),
('Tina Carter', 'close'),
('Uma Gonzalez', 'open'),
('Victor Rivera', 'close'),
('Wendy Murphy', 'open'),
('Xavier Hughes', 'close'),
('Yvonne Foster', 'open'),
('Zachary Sanders', 'close'),
('Abby Perry', 'open'),
('Brian Turner', 'close');

INSERT INTO order_items (order_id, product_id, quantity) VALUES
(1, 1, 2), (1, 3, 1), (2, 5, 1),
(3, 2, 2), (4, 4, 1), (5, 6, 3),
(6, 8, 2), (7, 10, 1), (8, 9, 2),
(9, 7, 1), (10, 5, 2), (11, 2, 1),
(12, 1, 1), (13, 6, 3), (14, 4, 1),
(15, 10, 2), (16, 3, 1), (17, 9, 3),
(18, 8, 2), (19, 7, 1), (20, 6, 2),
(21, 2, 1), (22, 3, 1), (23, 4, 2),
(24, 5, 1), (25, 8, 1), (26, 6, 2),
(27, 9, 1), (28, 10, 1), (29, 3, 2),
(30, 1, 1);

INSERT INTO price_history (product_id, old_price, new_price, updated_at) VALUES
(1, 2.00, 2.50, '2024-01-01'),
(2, 3.00, 3.50, '2024-02-01'),
(3, 3.50, 3.80, '2024-03-01'),
(4, 3.80, 4.00, '2024-04-01'),
(5, 2.50, 2.70, '2024-05-01');

INSERT INTO order_status_history (order_id, status, changed_at) VALUES
(1, 'open', '2024-01-01'),
(1, 'close', '2024-01-02'),
(2, 'open', '2024-02-01'),
(2, 'close', '2024-02-02'),
(3, 'open', '2024-03-01');

INSERT INTO inventory_transactions (ingredient_id, quantity_change, reason, created_at) VALUES
(1, -5, 'Used for orders', '2024-01-01'),
(2, -10, 'Used for latte', '2024-01-02'),
(3, -2, 'Sugar usage', '2024-01-03'),
(4, -1, 'Chocolate syrup for mocha', '2024-01-04'),
(5, -2, 'Vanilla syrup for macchiato', '2024-01-05'),
(6, 10, 'Restock', '2024-01-06'),
(7, -3, 'Whipped cream usage', '2024-01-07'),
(8, -5, 'Tea preparation', '2024-01-08'),
(9, -50, 'Paper cups for orders', '2024-01-09'),
(10, -50, 'Lids usage', '2024-01-10');

INSERT INTO menu_item_ingredients (product_id, ingredient_id, quantity) VALUES
(1, 1, 1),
(2, 1, 1),
(2, 2, 1),
(3, 1, 1),
(3, 2, 1),
(4, 1, 1),
(4, 2, 1),
(4, 3, 1),
(5, 1, 1),
(5, 4, 1),
(6, 1, 1),
(6, 2, 1),
(6, 5, 1),
(7, 6, 1),
(7, 2, 1),
(8, 3, 1),
(8, 2, 1),
(9, 1, 1),
(9, 4, 1),
(9, 7, 1),
(10, 8, 1),
(10, 9, 1),
(10, 10, 1);

